{
  "articles": [
    {
      "title": "Learn Python v11",
      "thumbnail": "https://process.fs.teachablecdn.com/ADNupMnWyR7kCWRvm76Laz/resize=width:705/https://cdn.filestackcontent.com/TZLXpJ9ORhmBgJUs1v5A",
      "description": "description of this article python",
      "id": "2"
    },
    {
      "id": "1099",
      "title": "Learn Spring boot",
      "thumbnail": "https://process.fs.teachablecdn.com/ADNupMnWyR7kCWRvm76Laz/resize=width:705/https://cdn.filestackcontent.com/4jgHzQESLa2F5uccFGc2",
      "description": "spring boot from scratch"
    },
    {
      "id": "95548",
      "title": "Learn React 18",
      "thumbnail": "https://process.fs.teachablecdn.com/ADNupMnWyR7kCWRvm76Laz/resize=width:705/https://cdn.filestackcontent.com/DXitcrOkSqig73mA6GPS",
      "description": "Learn React and redux"
    },
    {
      "id": 19717,
      "title": "Learn React 2022",
      "thumbnail": "https://process.fs.teachablecdn.com/ADNupMnWyR7kCWRvm76Laz/resize=width:705/https://cdn.filestackcontent.com/ndgpEj1YRAqrlS0gNZBb",
      "description": "Learn react and redux"
    }
  ]
}